topology,seed,generation,best_fitness,mean_fitness,diversity_total,diversity_between,diversity_within
none,1,0,0.635790,0.108905,0.333531,0.116987,0.335249
none,1,1,0.647876,0.232208,0.297852,0.095554,0.297819
none,1,2,0.647876,0.315764,0.296926,0.178410,0.257457
none,1,3,0.695931,0.380211,0.288141,0.184927,0.238300
none,1,4,0.695931,0.435637,0.265359,0.165523,0.223114
none,1,5,0.695931,0.477608,0.244755,0.201638,0.177575
none,1,6,0.695931,0.497529,0.248928,0.228112,0.159936
none,1,7,0.695931,0.522057,0.240492,0.236205,0.137011
none,1,8,0.695931,0.494506,0.259103,0.262319,0.133812
none,1,9,0.695931,0.566174,0.255666,0.247441,0.147650
none,1,10,0.695931,0.564489,0.241608,0.241878,0.137202
none,1,11,0.695931,0.517541,0.232213,0.229834,0.134824
none,1,12,0.695931,0.567759,0.269085,0.276739,0.143494
none,1,13,0.695931,0.530797,0.261339,0.265914,0.143212
none,1,14,0.695931,0.519980,0.275640,0.276229,0.159941
none,1,15,0.695931,0.569631,0.253486,0.257478,0.142874
none,1,16,0.695931,0.523231,0.291426,0.294573,0.163010
none,1,17,0.695931,0.555240,0.268385,0.273507,0.148770
none,1,18,0.695931,0.550169,0.285362,0.277088,0.165132
none,1,19,0.702582,0.495700,0.261955,0.237278,0.171621
none,1,20,0.702582,0.559663,0.235190,0.232387,0.133618
none,1,21,0.709468,0.570046,0.259898,0.274731,0.125009
none,1,22,0.709468,0.517303,0.262339,0.272937,0.132037
none,1,23,0.709468,0.564814,0.254142,0.264118,0.130047
none,1,24,0.709468,0.547828,0.254234,0.262897,0.131505
none,1,25,0.709468,0.566747,0.227016,0.221321,0.128541
none,1,26,0.709468,0.554953,0.223741,0.217096,0.128653
none,1,27,0.709468,0.566665,0.225663,0.213019,0.138153
none,1,28,0.709468,0.546528,0.231757,0.202653,0.153683
none,1,29,0.709468,0.517187,0.229526,0.180924,0.167263
none,2,0,0.645835,0.143986,0.338578,0.120249,0.335727
none,2,1,0.656251,0.317548,0.363401,0.259641,0.291955
none,2,2,0.656251,0.444959,0.318706,0.290829,0.202788
none,2,3,0.656251,0.485917,0.280347,0.271496,0.166158
none,2,4,0.658996,0.454913,0.271704,0.268362,0.160557
none,2,5,0.658996,0.449967,0.295961,0.318475,0.139944
none,2,6,0.668452,0.422498,0.303794,0.315012,0.157226
none,2,7,0.668452,0.474061,0.315735,0.338257,0.153093
none,2,8,0.671417,0.443509,0.350004,0.362943,0.181330
none,2,9,0.671417,0.435410,0.328272,0.356479,0.144621
none,2,10,0.671417,0.458432,0.335574,0.359765,0.159355
none,2,11,0.718158,0.485992,0.321143,0.338727,0.156534
none,2,12,0.718158,0.470252,0.308609,0.312460,0.173764
none,2,13,0.718158,0.458326,0.276276,0.278175,0.156763
none,2,14,0.718158,0.506980,0.270307,0.258083,0.166626
none,2,15,0.718158,0.466823,0.270483,0.259549,0.163835
none,2,16,0.718158,0.485631,0.272259,0.274718,0.147716
none,2,17,0.718158,0.422021,0.270141,0.260827,0.159618
none,2,18,0.718158,0.460497,0.270748,0.269148,0.152220
none,2,19,0.718158,0.543296,0.229121,0.221698,0.139349
none,2,20,0.718158,0.466378,0.222461,0.200409,0.150980
none,2,21,0.718158,0.498148,0.207777,0.177809,0.146761
none,2,22,0.718158,0.543432,0.198189,0.152564,0.153642
none,2,23,0.755581,0.480858,0.226979,0.192298,0.163949
none,2,24,0.755581,0.508682,0.217217,0.187863,0.152198
none,2,25,0.755581,0.517528,0.209663,0.199163,0.132275
none,2,26,0.755581,0.520656,0.214226,0.213822,0.119507
none,2,27,0.755581,0.580071,0.214573,0.208317,0.124449
none,2,28,0.755581,0.589264,0.213213,0.199087,0.132073
none,2,29,0.755581,0.569505,0.222753,0.197952,0.147624
none,3,0,0.601251,0.187237,0.314370,0.106148,0.315154
none,3,1,0.640017,0.278339,0.322907,0.185623,0.291185
none,3,2,0.640017,0.311147,0.356091,0.296273,0.255640
none,3,3,0.650198,0.362620,0.367635,0.339775,0.231191
none,3,4,0.650198,0.384524,0.345218,0.342796,0.188238
none,3,5,0.657299,0.400734,0.360557,0.368616,0.186948
none,3,6,0.657299,0.324916,0.378277,0.381873,0.204897
none,3,7,0.666410,0.385641,0.389983,0.421170,0.178442
none,3,8,0.666410,0.447632,0.391315,0.419532,0.181562
none,3,9,0.731109,0.400252,0.358020,0.378658,0.169570
none,3,10,0.731109,0.408490,0.387476,0.407088,0.189675
none,3,11,0.731109,0.454187,0.361202,0.410320,0.135579
none,3,12,0.731109,0.445760,0.369760,0.419580,0.139611
none,3,13,0.731109,0.466403,0.374926,0.426651,0.139278
none,3,14,0.731109,0.489307,0.383265,0.443025,0.128395
none,3,15,0.731109,0.426572,0.408572,0.464683,0.151770
none,3,16,0.731109,0.430922,0.382297,0.437163,0.135299
none,3,17,0.731109,0.438965,0.388670,0.429194,0.164287
none,3,18,0.732933,0.491907,0.389875,0.449389,0.134088
none,3,19,0.732933,0.484292,0.393572,0.454897,0.131626
none,3,20,0.732933,0.426744,0.390292,0.454250,0.127722
none,3,21,0.732933,0.455657,0.401959,0.462451,0.144072
none,3,22,0.732933,0.429821,0.425197,0.497185,0.130799
none,3,23,0.732933,0.456862,0.408260,0.469238,0.144599
none,3,24,0.732933,0.502998,0.405739,0.470787,0.135353
none,3,25,0.732933,0.497003,0.391590,0.458998,0.119248
none,3,26,0.732933,0.455554,0.416380,0.489191,0.126311
none,3,27,0.732933,0.431707,0.436982,0.514157,0.130437
none,3,28,0.732933,0.452652,0.427223,0.491550,0.151522
none,3,29,0.732933,0.456842,0.406259,0.468573,0.139007
none,4,0,0.385650,0.079271,0.326564,0.055140,0.342628
none,4,1,0.527736,0.192168,0.343069,0.237477,0.278033
none,4,2,0.541139,0.258488,0.314527,0.222153,0.240539
none,4,3,0.643732,0.347692,0.305298,0.235343,0.218531
none,4,4,0.664895,0.375521,0.352693,0.277119,0.253194
none,4,5,0.692376,0.403629,0.351607,0.362991,0.169300
none,4,6,0.692376,0.394499,0.336441,0.343453,0.170901
none,4,7,0.741337,0.481352,0.329927,0.355699,0.146630
none,4,8,0.741337,0.416757,0.361124,0.403393,0.141717
none,4,9,0.741337,0.510610,0.333177,0.371456,0.128333
none,4,10,0.741337,0.523616,0.351632,0.396770,0.131284
none,4,11,0.741337,0.515647,0.339269,0.372094,0.143085
none,4,12,0.741337,0.535252,0.321025,0.366071,0.109866
none,4,13,0.741337,0.473025,0.332471,0.366563,0.134891
none,4,14,0.741337,0.482896,0.341927,0.366233,0.153296
none,4,15,0.741337,0.472466,0.330372,0.363696,0.133143
none,4,16,0.741337,0.521560,0.338526,0.376259,0.132402
none,4,17,0.741337,0.524461,0.352053,0.377768,0.161298
none,4,18,0.741337,0.548588,0.333357,0.370572,0.130727
none,4,19,0.741337,0.513631,0.347790,0.397612,0.122370
none,4,20,0.741337,0.540917,0.319619,0.362875,0.114090
none,4,21,0.741337,0.515016,0.339548,0.375107,0.138036
none,4,22,0.741337,0.505403,0.338993,0.367549,0.148641
none,4,23,0.741337,0.503685,0.350288,0.385953,0.146796
none,4,24,0.741337,0.549787,0.353572,0.390577,0.147219
none,4,25,0.741337,0.470968,0.350187,0.378834,0.155605
none,4,26,0.741337,0.439445,0.357294,0.372459,0.173845
none,4,27,0.741337,0.531914,0.332117,0.353319,0.150040
none,4,28,0.741337,0.493779,0.339858,0.352126,0.165557
none,4,29,0.741337,0.497456,0.327913,0.339457,0.157133
none,5,0,0.633402,0.191211,0.327316,0.128509,0.321988
none,5,1,0.634441,0.254595,0.346507,0.247764,0.277026
none,5,2,0.661837,0.419728,0.279622,0.203219,0.212329
none,5,3,0.661837,0.380748,0.259820,0.242114,0.165940
none,5,4,0.668124,0.405958,0.264043,0.244584,0.164950
none,5,5,0.668382,0.425847,0.278856,0.277989,0.152615
none,5,6,0.672169,0.447614,0.286814,0.285879,0.163894
none,5,7,0.675472,0.484076,0.278148,0.273951,0.158843
none,5,8,0.675472,0.498899,0.260655,0.258813,0.149343
none,5,9,0.675472,0.459382,0.287922,0.277321,0.168378
none,5,10,0.675472,0.487738,0.290162,0.296567,0.153579
none,5,11,0.675472,0.503389,0.278154,0.269093,0.157497
none,5,12,0.680944,0.575866,0.298922,0.312440,0.144172
none,5,13,0.747917,0.498117,0.308268,0.312871,0.165382
none,5,14,0.747917,0.521506,0.342659,0.371969,0.142848
none,5,15,0.747917,0.515319,0.355861,0.387221,0.145691
none,5,16,0.747917,0.504973,0.371157,0.415983,0.140305
none,5,17,0.754636,0.584136,0.360593,0.418338,0.109554
none,5,18,0.754636,0.498680,0.384423,0.441379,0.133377
none,5,19,0.754636,0.513172,0.379288,0.431966,0.133399
none,5,20,0.754636,0.492304,0.378227,0.438380,0.125767
none,5,21,0.754636,0.521255,0.376028,0.427759,0.131924
none,5,22,0.754636,0.522558,0.382942,0.434289,0.142626
none,5,23,0.754636,0.500485,0.392824,0.450961,0.121365
none,5,24,0.754636,0.455920,0.364636,0.413475,0.128740
none,5,25,0.754636,0.506685,0.369101,0.421874,0.126287
none,5,26,0.762844,0.511853,0.386003,0.450012,0.120536
none,5,27,0.764058,0.551119,0.374115,0.428444,0.120172
none,5,28,0.764058,0.531198,0.397772,0.459913,0.119641
none,5,29,0.764058,0.492141,0.430876,0.501070,0.129402
none,6,0,0.647259,0.134065,0.332269,0.137249,0.325316
none,6,1,0.659971,0.274996,0.353426,0.236963,0.295076
none,6,2,0.659971,0.371994,0.360056,0.308815,0.255021
none,6,3,0.659971,0.394056,0.426512,0.438645,0.226230
none,6,4,0.688394,0.447674,0.379089,0.390929,0.198592
none,6,5,0.688394,0.448820,0.337880,0.350550,0.171899
none,6,6,0.688394,0.470409,0.340638,0.353218,0.170796
none,6,7,0.688394,0.504427,0.329894,0.340321,0.169098
none,6,8,0.688394,0.485079,0.319825,0.323246,0.175783
none,6,9,0.692287,0.510986,0.313403,0.325015,0.148024
none,6,10,0.695775,0.498861,0.327860,0.338686,0.167245
none,6,11,0.695775,0.482054,0.353656,0.368842,0.174920
none,6,12,0.695775,0.508231,0.320256,0.354324,0.131893
none,6,13,0.702508,0.547481,0.314386,0.344756,0.133811
none,6,14,0.707544,0.562747,0.303834,0.326967,0.135695
none,6,15,0.712792,0.583791,0.295587,0.317716,0.137025
none,6,16,0.712792,0.561637,0.286094,0.296681,0.141676
none,6,17,0.712792,0.581093,0.286716,0.306644,0.132901
none,6,18,0.712792,0.544999,0.287614,0.308562,0.130404
none,6,19,0.712792,0.489063,0.300693,0.318189,0.146348
none,6,20,0.712792,0.554301,0.294269,0.316545,0.139658
none,6,21,0.712792,0.584610,0.280477,0.307141,0.125287
none,6,22,0.712792,0.558693,0.289800,0.294376,0.159443
none,6,23,0.712792,0.545410,0.306455,0.320500,0.153333
none,6,24,0.712792,0.564316,0.301240,0.317572,0.145952
none,6,25,0.712792,0.567575,0.296167,0.308764,0.147448
none,6,26,0.712792,0.594786,0.285818,0.297022,0.140571
none,6,27,0.712792,0.533029,0.274788,0.284997,0.135970
none,6,28,0.712792,0.563965,0.284042,0.288782,0.150052
none,6,29,0.712792,0.588687,0.273934,0.298239,0.117197
none,7,0,0.536994,0.119534,0.321759,0.116110,0.323200
none,7,1,0.643941,0.250810,0.322762,0.203598,0.277780
none,7,2,0.643941,0.289306,0.298368,0.221755,0.232338
none,7,3,0.643941,0.356734,0.311342,0.260997,0.223720
none,7,4,0.654118,0.381912,0.283883,0.253930,0.189846
none,7,5,0.697461,0.459902,0.308255,0.288595,0.189077
none,7,6,0.697461,0.441571,0.338028,0.344333,0.180716
none,7,7,0.697461,0.489471,0.323595,0.340563,0.156875
none,7,8,0.697461,0.514382,0.305459,0.329341,0.136111
none,7,9,0.697461,0.477323,0.326420,0.345578,0.153804
none,7,10,0.700364,0.519406,0.332651,0.340383,0.165131
none,7,11,0.700364,0.402068,0.333195,0.334119,0.171288
none,7,12,0.703876,0.524191,0.335862,0.350591,0.157006
none,7,13,0.703876,0.505085,0.335804,0.358393,0.146392
none,7,14,0.703876,0.477121,0.345521,0.350738,0.168194
none,7,15,0.703876,0.462001,0.361131,0.384492,0.149421
none,7,16,0.703876,0.491314,0.354061,0.387783,0.144947
none,7,17,0.703876,0.517138,0.343036,0.384130,0.127481
none,7,18,0.703876,0.523041,0.350162,0.379875,0.144860
none,7,19,0.705818,0.529619,0.366943,0.404609,0.149506
none,7,20,0.705818,0.504060,0.359496,0.401195,0.135668
none,7,21,0.705818,0.436798,0.366340,0.389417,0.157581
none,7,22,0.705818,0.550870,0.371017,0.416421,0.129839
none,7,23,0.705818,0.497359,0.379016,0.416344,0.137350
none,7,24,0.705818,0.509354,0.354263,0.370891,0.153610
none,7,25,0.705818,0.525510,0.337067,0.382005,0.112375
none,7,26,0.705818,0.447396,0.353571,0.391431,0.132517
none,7,27,0.705818,0.510206,0.364175,0.403889,0.141152
none,7,28,0.705818,0.523466,0.352183,0.384928,0.138186
none,7,29,0.708796,0.541870,0.333579,0.371234,0.121905
none,8,0,0.621597,0.161062,0.309790,0.114803,0.308995
none,8,1,0.640663,0.290217,0.277830,0.175414,0.237313
none,8,2,0.658129,0.411965,0.224507,0.163942,0.183067
none,8,3,0.665368,0.432780,0.208563,0.142846,0.174735
none,8,4,0.665368,0.483424,0.225676,0.132070,0.196342
none,8,5,0.665368,0.515188,0.233097,0.182104,0.181027
none,8,6,0.665368,0.511976,0.237850,0.187707,0.179782
none,8,7,0.665368,0.524023,0.220637,0.167873,0.178342
none,8,8,0.665641,0.574816,0.203236,0.157094,0.162290
none,8,9,0.665641,0.551604,0.184892,0.153498,0.133201
none,8,10,0.665641,0.585937,0.199532,0.170515,0.139096
none,8,11,0.665641,0.555967,0.211987,0.192291,0.138139
none,8,12,0.709791,0.566506,0.239838,0.237203,0.137822
none,8,13,0.709791,0.584381,0.232139,0.207027,0.162288
none,8,14,0.709791,0.601214,0.212818,0.187501,0.147476
none,8,15,0.709791,0.543919,0.227343,0.165119,0.188255
none,8,16,0.709791,0.592424,0.219821,0.174289,0.170526
none,8,17,0.713687,0.577216,0.207800,0.158527,0.163910
none,8,18,0.713687,0.546463,0.228674,0.181442,0.174657
none,8,19,0.713687,0.564879,0.209606,0.176432,0.151835
none,8,20,0.713687,0.516109,0.271126,0.255635,0.172685
none,8,21,0.713687,0.533950,0.264907,0.262800,0.156137
none,8,22,0.713687,0.530039,0.241043,0.226760,0.156190
none,8,23,0.713687,0.580078,0.218734,0.183527,0.160630
none,8,24,0.713687,0.569683,0.215773,0.172413,0.166984
none,8,25,0.713687,0.626655,0.199996,0.163096,0.156154
none,8,26,0.713687,0.584693,0.246015,0.207941,0.180361
none,8,27,0.713687,0.555942,0.240182,0.187946,0.194210
none,8,28,0.713687,0.542207,0.263521,0.213891,0.210169
none,8,29,0.713687,0.539189,0.204802,0.142216,0.173735
none,9,0,0.487196,0.130717,0.318281,0.112461,0.317992
none,9,1,0.637617,0.249693,0.348776,0.240704,0.284144
none,9,2,0.667700,0.376621,0.328843,0.297933,0.205055
none,9,3,0.667700,0.343942,0.330321,0.324016,0.184682
none,9,4,0.667700,0.381206,0.315429,0.311142,0.178468
none,9,5,0.667700,0.408373,0.317671,0.296311,0.200446
none,9,6,0.691720,0.426190,0.329934,0.300662,0.205855
none,9,7,0.691720,0.363907,0.355644,0.336892,0.217848
none,9,8,0.691720,0.353147,0.302045,0.262015,0.208844
none,9,9,0.691720,0.478474,0.292875,0.264960,0.184997
none,9,10,0.691720,0.463648,0.321284,0.297239,0.192703
none,9,11,0.691720,0.474739,0.306380,0.292775,0.177171
none,9,12,0.691720,0.405839,0.315035,0.338150,0.144308
none,9,13,0.691720,0.457317,0.319329,0.342952,0.139524
none,9,14,0.691720,0.457184,0.304176,0.332455,0.129682
none,9,15,0.691720,0.464843,0.306041,0.320629,0.150115
none,9,16,0.691720,0.512613,0.303193,0.326959,0.138012
none,9,17,0.691720,0.440733,0.312903,0.337645,0.140178
none,9,18,0.691720,0.478531,0.340560,0.371020,0.148245
none,9,19,0.691720,0.450659,0.312354,0.332371,0.146435
none,9,20,0.691720,0.472179,0.301592,0.318244,0.146678
none,9,21,0.691720,0.523422,0.308534,0.327357,0.142362
none,9,22,0.691720,0.451804,0.299797,0.322058,0.132307
none,9,23,0.691720,0.466073,0.296084,0.318437,0.134636
none,9,24,0.753450,0.513174,0.302866,0.323342,0.143859
none,9,25,0.753450,0.483793,0.303516,0.322785,0.142863
none,9,26,0.753450,0.458969,0.276444,0.297273,0.126752
none,9,27,0.753450,0.522388,0.280051,0.292331,0.136653
none,9,28,0.753450,0.487547,0.296218,0.319762,0.130340
none,9,29,0.753450,0.454885,0.298382,0.322568,0.132828
none,10,0,0.647719,0.142738,0.318575,0.115149,0.315315
none,10,1,0.647719,0.240892,0.341307,0.188447,0.301694
none,10,2,0.647719,0.348580,0.325720,0.259189,0.229354
none,10,3,0.647719,0.268522,0.356660,0.330418,0.222048
none,10,4,0.647719,0.330039,0.332907,0.322862,0.193025
none,10,5,0.648683,0.344627,0.336840,0.342347,0.183680
none,10,6,0.657714,0.387424,0.341127,0.355085,0.171316
none,10,7,0.657714,0.344204,0.321415,0.338780,0.159270
none,10,8,0.671619,0.354386,0.291157,0.319071,0.125046
none,10,9,0.671619,0.444141,0.293344,0.311041,0.143856
none,10,10,0.671619,0.381077,0.332365,0.330437,0.183329
none,10,11,0.671619,0.378479,0.346187,0.355259,0.180816
none,10,12,0.671619,0.392092,0.322478,0.325448,0.177947
none,10,13,0.676434,0.413704,0.327664,0.347309,0.157380
none,10,14,0.676434,0.444150,0.334439,0.365483,0.147642
none,10,15,0.676434,0.445667,0.334906,0.358687,0.159569
none,10,16,0.676434,0.467648,0.313849,0.334056,0.147253
none,10,17,0.676434,0.391264,0.312457,0.325605,0.154966
none,10,18,0.676434,0.417262,0.314354,0.316325,0.174256
none,10,19,0.689886,0.423235,0.326559,0.331102,0.179144
none,10,20,0.689886,0.380492,0.307110,0.312732,0.161080
none,10,21,0.689886,0.397809,0.305116,0.321637,0.148016
none,10,22,0.689886,0.467410,0.315381,0.315997,0.172874
none,10,23,0.689886,0.401457,0.284533,0.278402,0.167703
none,10,24,0.689886,0.445664,0.286195,0.286576,0.155796
none,10,25,0.689886,0.441666,0.281113,0.296157,0.138557
none,10,26,0.689886,0.388896,0.286174,0.289570,0.159135
none,10,27,0.689886,0.429094,0.277594,0.279070,0.150304
none,10,28,0.689886,0.451872,0.279980,0.289332,0.146913
none,10,29,0.689886,0.463618,0.262259,0.261729,0.145796
ring,1,0,0.635790,0.108905,0.333531,0.116987,0.335249
ring,1,1,0.647876,0.232208,0.297852,0.095554,0.297819
ring,1,2,0.647876,0.315764,0.296926,0.178410,0.257457
ring,1,3,0.695931,0.380211,0.288141,0.184927,0.238300
ring,1,4,0.695931,0.435637,0.265359,0.165523,0.223114
ring,1,5,0.695931,0.477608,0.244755,0.201638,0.177575
ring,1,6,0.695931,0.568258,0.236873,0.127882,0.217951
ring,1,7,0.695931,0.558086,0.217551,0.119006,0.203325
ring,1,8,0.695931,0.534296,0.199897,0.110154,0.184179
ring,1,9,0.695931,0.567110,0.199870,0.118546,0.177674
ring,1,10,0.700097,0.548665,0.198077,0.134092,0.166682
ring,1,11,0.700097,0.568140,0.170191,0.094101,0.161072
ring,1,12,0.700097,0.624870,0.121422,0.053699,0.119821
ring,1,13,0.700097,0.607137,0.143126,0.073092,0.140684
ring,1,14,0.707758,0.588381,0.126635,0.051971,0.126466
ring,1,15,0.707758,0.636041,0.132439,0.067677,0.126857
ring,1,16,0.707758,0.637880,0.120278,0.060050,0.119365
ring,1,17,0.707758,0.631909,0.111975,0.051613,0.109488
ring,1,18,0.707758,0.605428,0.133800,0.064424,0.128708
ring,1,19,0.707758,0.617873,0.146739,0.057731,0.145467
ring,1,20,0.707758,0.595938,0.132593,0.048703,0.133072
ring,1,21,0.707758,0.608120,0.126222,0.059612,0.125169
ring,1,22,0.707758,0.624009,0.117999,0.054814,0.114958
ring,1,23,0.707758,0.574545,0.125909,0.043017,0.130118
ring,1,24,0.707758,0.610038,0.165584,0.099669,0.155777
ring,1,25,0.707758,0.614017,0.128706,0.046463,0.133075
ring,1,26,0.707758,0.661060,0.070529,0.027544,0.071657
ring,1,27,0.707758,0.606113,0.095362,0.032992,0.097391
ring,1,28,0.707758,0.587072,0.112109,0.031830,0.116581
ring,1,29,0.707758,0.539489,0.128005,0.054466,0.128341
ring,2,0,0.645835,0.143986,0.338578,0.120249,0.335727
ring,2,1,0.656251,0.317548,0.363401,0.259641,0.291955
ring,2,2,0.656251,0.444959,0.318706,0.290829,0.202788
ring,2,3,0.656251,0.485917,0.280347,0.271496,0.166158
ring,2,4,0.658996,0.454913,0.271704,0.268362,0.160557
ring,2,5,0.658996,0.449967,0.295961,0.318475,0.139944
ring,2,6,0.663233,0.524128,0.298918,0.200583,0.256996
ring,2,7,0.663233,0.436673,0.299491,0.167725,0.279980
ring,2,8,0.729472,0.439465,0.284398,0.156037,0.267951
ring,2,9,0.729472,0.494968,0.252632,0.167278,0.208015
ring,2,10,0.729472,0.513960,0.269323,0.188936,0.212643
ring,2,11,0.729472,0.612598,0.248189,0.139738,0.226233
ring,2,12,0.729472,0.536601,0.244908,0.096489,0.244326
ring,2,13,0.729472,0.561104,0.227771,0.119712,0.212655
ring,2,14,0.729472,0.500537,0.252456,0.113661,0.239973
ring,2,15,0.729472,0.515922,0.240023,0.127693,0.217062
ring,2,16,0.729472,0.606289,0.215949,0.148155,0.191492
ring,2,17,0.729472,0.571005,0.179503,0.068700,0.181106
ring,2,18,0.738841,0.583581,0.166551,0.084044,0.163718
ring,2,19,0.751420,0.595838,0.141574,0.070525,0.137748
ring,2,20,0.751420,0.544899,0.129116,0.046792,0.130723
ring,2,21,0.751420,0.623310,0.088080,0.024379,0.091978
ring,2,22,0.751420,0.579644,0.120732,0.039229,0.124144
ring,2,23,0.751420,0.574288,0.141346,0.047320,0.144265
ring,2,24,0.751420,0.527076,0.154246,0.060268,0.153675
ring,2,25,0.751420,0.591198,0.130873,0.041866,0.133438
ring,2,26,0.751420,0.624408,0.119617,0.044620,0.123308
ring,2,27,0.751420,0.581706,0.104289,0.026885,0.108468
ring,2,28,0.751420,0.581873,0.119975,0.047313,0.121915
ring,2,29,0.751420,0.572999,0.116152,0.041288,0.117361
ring,3,0,0.601251,0.187237,0.314370,0.106148,0.315154
ring,3,1,0.640017,0.278339,0.322907,0.185623,0.291185
ring,3,2,0.640017,0.311147,0.356091,0.296273,0.255640
ring,3,3,0.650198,0.362620,0.367635,0.339775,0.231191
ring,3,4,0.650198,0.384524,0.345218,0.342796,0.188238
ring,3,5,0.657299,0.400734,0.360557,0.368616,0.186948
ring,3,6,0.657299,0.408746,0.361783,0.277475,0.288439
ring,3,7,0.657299,0.381219,0.337428,0.181242,0.313139
ring,3,8,0.661188,0.398260,0.300380,0.185527,0.262949
ring,3,9,0.661188,0.444498,0.262291,0.137507,0.234208
ring,3,10,0.685070,0.511009,0.288169,0.151864,0.254556
ring,3,11,0.685070,0.530003,0.270948,0.147722,0.252655
ring,3,12,0.685070,0.541240,0.259594,0.139327,0.243122
ring,3,13,0.685070,0.517373,0.235311,0.156289,0.202954
ring,3,14,0.685070,0.518856,0.222731,0.149829,0.188987
ring,3,15,0.685070,0.527184,0.225921,0.150330,0.190000
ring,3,16,0.685070,0.550623,0.193821,0.075714,0.195275
ring,3,17,0.685070,0.554473,0.193515,0.076034,0.193383
ring,3,18,0.701146,0.535471,0.159863,0.070756,0.160817
ring,3,19,0.701146,0.572706,0.135114,0.075723,0.126952
ring,3,20,0.701146,0.589782,0.129546,0.055915,0.128365
ring,3,21,0.701146,0.627102,0.115285,0.037369,0.118796
ring,3,22,0.701146,0.570465,0.114867,0.047330,0.113191
ring,3,23,0.701146,0.579740,0.125386,0.055462,0.124301
ring,3,24,0.705441,0.601243,0.131170,0.063619,0.128383
ring,3,25,0.706405,0.569839,0.121426,0.049814,0.118857
ring,3,26,0.706405,0.567785,0.120679,0.073476,0.112750
ring,3,27,0.706405,0.542338,0.121498,0.060357,0.115620
ring,3,28,0.706405,0.538092,0.143358,0.054556,0.141166
ring,3,29,0.706405,0.544932,0.160037,0.075731,0.154645
ring,4,0,0.385650,0.079271,0.326564,0.055140,0.342628
ring,4,1,0.527736,0.192168,0.343069,0.237477,0.278033
ring,4,2,0.541139,0.258488,0.314527,0.222153,0.240539
ring,4,3,0.643732,0.347692,0.305298,0.235343,0.218531
ring,4,4,0.664895,0.375521,0.352693,0.277119,0.253194
ring,4,5,0.692376,0.403629,0.351607,0.362991,0.169300
ring,4,6,0.692376,0.469775,0.337701,0.258437,0.264905
ring,4,7,0.707549,0.492280,0.307184,0.177821,0.275303
ring,4,8,0.707549,0.403078,0.273155,0.209821,0.202998
ring,4,9,0.707549,0.528272,0.239584,0.237371,0.128404
ring,4,10,0.709974,0.574089,0.248671,0.232075,0.150274
ring,4,11,0.709974,0.612981,0.254100,0.191132,0.207875
ring,4,12,0.709974,0.575330,0.223811,0.124718,0.210926
ring,4,13,0.709974,0.612641,0.157617,0.071100,0.151814
ring,4,14,0.709974,0.566164,0.163383,0.067689,0.160133
ring,4,15,0.709974,0.571791,0.163070,0.088909,0.151953
ring,4,16,0.709974,0.595171,0.158711,0.083906,0.153225
ring,4,17,0.709974,0.601727,0.136879,0.045523,0.139829
ring,4,18,0.709974,0.614587,0.126217,0.075289,0.117665
ring,4,19,0.709974,0.617117,0.133779,0.064326,0.130858
ring,4,20,0.709974,0.595824,0.111190,0.062627,0.105154
ring,4,21,0.709974,0.636681,0.079717,0.032009,0.081754
ring,4,22,0.709974,0.621853,0.099860,0.034839,0.100204
ring,4,23,0.709974,0.604424,0.106314,0.045648,0.105468
ring,4,24,0.709974,0.606744,0.113270,0.052100,0.111382
ring,4,25,0.709974,0.596776,0.124943,0.036451,0.127848
ring,4,26,0.709974,0.625596,0.089153,0.024445,0.093866
ring,4,27,0.709974,0.609321,0.093000,0.036632,0.093543
ring,4,28,0.709974,0.586819,0.115053,0.041345,0.116571
ring,4,29,0.709974,0.604921,0.137188,0.057487,0.137252
ring,5,0,0.633402,0.191211,0.327316,0.128509,0.321988
ring,5,1,0.634441,0.254595,0.346507,0.247764,0.277026
ring,5,2,0.661837,0.419728,0.279622,0.203219,0.212329
ring,5,3,0.661837,0.380748,0.259820,0.242114,0.165940
ring,5,4,0.668124,0.405958,0.264043,0.244584,0.164950
ring,5,5,0.668382,0.425847,0.278856,0.277989,0.152615
ring,5,6,0.672169,0.509715,0.262407,0.179106,0.228988
ring,5,7,0.675472,0.503865,0.218379,0.105969,0.205569
ring,5,8,0.675472,0.514061,0.177101,0.099400,0.162592
ring,5,9,0.675472,0.453496,0.192352,0.113368,0.174465
ring,5,10,0.675472,0.512797,0.161128,0.079498,0.150991
ring,5,11,0.675472,0.565349,0.164588,0.068944,0.165123
ring,5,12,0.700086,0.526653,0.149023,0.076926,0.141657
ring,5,13,0.700086,0.530783,0.168871,0.090321,0.158016
ring,5,14,0.700086,0.507792,0.175624,0.119145,0.146776
ring,5,15,0.700086,0.412165,0.189339,0.132030,0.150296
ring,5,16,0.700086,0.544480,0.161837,0.101075,0.143795
ring,5,17,0.700086,0.543059,0.179376,0.110614,0.162833
ring,5,18,0.700086,0.518931,0.205792,0.127818,0.179944
ring,5,19,0.700086,0.558030,0.200231,0.147673,0.160930
ring,5,20,0.700086,0.541815,0.203661,0.140563,0.166515
ring,5,21,0.700086,0.611913,0.169965,0.093130,0.157811
ring,5,22,0.700086,0.584429,0.160631,0.069674,0.159816
ring,5,23,0.762151,0.581815,0.144678,0.080506,0.132284
ring,5,24,0.762151,0.542586,0.120014,0.050890,0.119643
ring,5,25,0.762151,0.562074,0.111577,0.049145,0.111441
ring,5,26,0.762151,0.617372,0.087367,0.026536,0.090726
ring,5,27,0.762151,0.544843,0.108127,0.038735,0.107754
ring,5,28,0.762151,0.554255,0.114153,0.042279,0.114928
ring,5,29,0.762151,0.547611,0.134810,0.052600,0.133881
ring,6,0,0.647259,0.134065,0.332269,0.137249,0.325316
ring,6,1,0.659971,0.274996,0.353426,0.236963,0.295076
ring,6,2,0.659971,0.371994,0.360056,0.308815,0.255021
ring,6,3,0.659971,0.394056,0.426512,0.438645,0.226230
ring,6,4,0.688394,0.447674,0.379089,0.390929,0.198592
ring,6,5,0.688394,0.448820,0.337880,0.350550,0.171899
ring,6,6,0.688394,0.511125,0.325249,0.194157,0.287773
ring,6,7,0.688485,0.499075,0.299279,0.165858,0.280081
ring,6,8,0.688485,0.538610,0.235243,0.138298,0.210032
ring,6,9,0.695186,0.565649,0.213675,0.116055,0.199749
ring,6,10,0.700348,0.576463,0.180680,0.092495,0.170368
ring,6,11,0.700348,0.631592,0.167905,0.085750,0.162334
ring,6,12,0.700348,0.583836,0.163900,0.071204,0.157770
ring,6,13,0.702635,0.622631,0.179923,0.101800,0.164332
ring,6,14,0.702635,0.600081,0.144099,0.065806,0.138412
ring,6,15,0.702635,0.605881,0.153821,0.079945,0.145324
ring,6,16,0.702635,0.633068,0.148336,0.060222,0.148767
ring,6,17,0.702635,0.607520,0.130719,0.056055,0.127331
ring,6,18,0.713832,0.566002,0.137917,0.060465,0.136626
ring,6,19,0.713832,0.595169,0.166564,0.071993,0.161540
ring,6,20,0.713832,0.620497,0.144890,0.089436,0.129433
ring,6,21,0.713832,0.630451,0.120128,0.047299,0.121504
ring,6,22,0.713832,0.603149,0.150123,0.059182,0.150013
ring,6,23,0.720187,0.607308,0.153162,0.078871,0.146318
ring,6,24,0.720187,0.566185,0.160412,0.063511,0.159426
ring,6,25,0.720187,0.534815,0.164679,0.036178,0.169946
ring,6,26,0.721715,0.614488,0.122961,0.050142,0.123434
ring,6,27,0.721715,0.576315,0.139317,0.063885,0.134840
ring,6,28,0.721715,0.584768,0.132878,0.059483,0.127632
ring,6,29,0.721715,0.558644,0.141788,0.098497,0.121655
ring,7,0,0.536994,0.119534,0.321759,0.116110,0.323200
ring,7,1,0.643941,0.250810,0.322762,0.203598,0.277780
ring,7,2,0.643941,0.289306,0.298368,0.221755,0.232338
ring,7,3,0.643941,0.356734,0.311342,0.260997,0.223720
ring,7,4,0.654118,0.381912,0.283883,0.253930,0.189846
ring,7,5,0.697461,0.459902,0.308255,0.288595,0.189077
ring,7,6,0.697461,0.524818,0.316848,0.207041,0.275380
ring,7,7,0.697461,0.498904,0.336887,0.160666,0.307804
ring,7,8,0.697461,0.482949,0.331540,0.230242,0.260103
ring,7,9,0.697461,0.506161,0.310816,0.257949,0.195590
ring,7,10,0.700364,0.567861,0.315358,0.316016,0.164658
ring,7,11,0.700364,0.561958,0.295748,0.225408,0.237592
ring,7,12,0.700902,0.610358,0.197773,0.116071,0.184118
ring,7,13,0.700902,0.590021,0.147333,0.077300,0.140273
ring,7,14,0.700902,0.608124,0.130922,0.041112,0.131774
ring,7,15,0.700902,0.583564,0.142062,0.043568,0.143899
ring,7,16,0.700902,0.635483,0.101498,0.036001,0.102865
ring,7,17,0.701965,0.646174,0.099118,0.043809,0.098422
ring,7,18,0.701965,0.593115,0.116328,0.060084,0.111054
ring,7,19,0.701965,0.600689,0.105630,0.044958,0.104199
ring,7,20,0.701965,0.647889,0.098255,0.034405,0.100095
ring,7,21,0.702112,0.628145,0.089473,0.036451,0.091363
ring,7,22,0.702112,0.621343,0.123358,0.033958,0.127734
ring,7,23,0.702112,0.595504,0.127446,0.049913,0.127802
ring,7,24,0.702112,0.611122,0.123754,0.048469,0.126264
ring,7,25,0.705867,0.626758,0.116833,0.039403,0.119544
ring,7,26,0.705867,0.606360,0.114941,0.047967,0.116227
ring,7,27,0.705867,0.618636,0.129093,0.073379,0.121895
ring,7,28,0.705867,0.599150,0.124737,0.060025,0.122440
ring,7,29,0.705867,0.594905,0.102799,0.048479,0.100831
ring,8,0,0.621597,0.161062,0.309790,0.114803,0.308995
ring,8,1,0.640663,0.290217,0.277830,0.175414,0.237313
ring,8,2,0.658129,0.411965,0.224507,0.163942,0.183067
ring,8,3,0.665368,0.432780,0.208563,0.142846,0.174735
ring,8,4,0.665368,0.483424,0.225676,0.132070,0.196342
ring,8,5,0.665368,0.515188,0.233097,0.182104,0.181027
ring,8,6,0.665368,0.532938,0.233547,0.107409,0.226528
ring,8,7,0.665368,0.498266,0.240998,0.086608,0.239514
ring,8,8,0.665641,0.505707,0.224034,0.110632,0.216550
ring,8,9,0.666057,0.560087,0.161888,0.066700,0.160258
ring,8,10,0.689646,0.613393,0.160426,0.088715,0.149381
ring,8,11,0.689646,0.599219,0.148182,0.058988,0.147976
ring,8,12,0.694216,0.604227,0.175951,0.050680,0.175879
ring,8,13,0.698418,0.628994,0.187536,0.109967,0.171488
ring,8,14,0.720421,0.594975,0.198203,0.165323,0.145897
ring,8,15,0.748222,0.612743,0.233784,0.173249,0.186766
ring,8,16,0.748222,0.612745,0.237160,0.109018,0.224413
ring,8,17,0.748222,0.579613,0.257374,0.145671,0.227992
ring,8,18,0.748222,0.582711,0.276387,0.246698,0.187466
ring,8,19,0.748222,0.528822,0.258426,0.222570,0.183781
ring,8,20,0.748222,0.564708,0.267591,0.229585,0.187320
ring,8,21,0.748222,0.605850,0.235069,0.170958,0.203168
ring,8,22,0.748222,0.573053,0.154345,0.079480,0.151730
ring,8,23,0.748222,0.579706,0.119172,0.050098,0.121263
ring,8,24,0.748222,0.558141,0.124060,0.058392,0.122889
ring,8,25,0.748222,0.569295,0.123332,0.059208,0.121437
ring,8,26,0.748222,0.644543,0.089285,0.026304,0.093432
ring,8,27,0.748222,0.595703,0.111422,0.039660,0.113850
ring,8,28,0.748291,0.570420,0.125836,0.065750,0.122988
ring,8,29,0.748291,0.564840,0.124026,0.053301,0.124048
ring,9,0,0.487196,0.130717,0.318281,0.112461,0.317992
ring,9,1,0.637617,0.249693,0.348776,0.240704,0.284144
ring,9,2,0.667700,0.376621,0.328843,0.297933,0.205055
ring,9,3,0.667700,0.343942,0.330321,0.324016,0.184682
ring,9,4,0.667700,0.381206,0.315429,0.311142,0.178468
ring,9,5,0.667700,0.408373,0.317671,0.296311,0.200446
ring,9,6,0.691720,0.546451,0.309804,0.231420,0.252447
ring,9,7,0.691720,0.329180,0.267765,0.187207,0.227828
ring,9,8,0.691720,0.352906,0.230390,0.109287,0.219682
ring,9,9,0.691720,0.433671,0.217696,0.121254,0.193550
ring,9,10,0.691720,0.415864,0.233391,0.161421,0.197899
ring,9,11,0.691720,0.586058,0.229435,0.138575,0.209642
ring,9,12,0.691720,0.410186,0.269615,0.143443,0.252893
ring,9,13,0.691720,0.442371,0.284749,0.161474,0.261753
ring,9,14,0.698176,0.447775,0.278770,0.182621,0.224891
ring,9,15,0.705556,0.517796,0.251200,0.209180,0.178404
ring,9,16,0.705556,0.620538,0.226658,0.173044,0.183198
ring,9,17,0.705556,0.569127,0.205708,0.114505,0.192786
ring,9,18,0.706412,0.582976,0.179308,0.083388,0.175201
ring,9,19,0.706412,0.608221,0.150310,0.060951,0.151912
ring,9,20,0.706412,0.570624,0.170511,0.066261,0.171597
ring,9,21,0.706412,0.621502,0.121107,0.048263,0.121695
ring,9,22,0.706412,0.605634,0.115295,0.057584,0.111956
ring,9,23,0.706412,0.591126,0.121242,0.045713,0.121266
ring,9,24,0.706412,0.595199,0.131093,0.062481,0.128346
ring,9,25,0.706412,0.553846,0.139318,0.061825,0.137683
ring,9,26,0.706412,0.619955,0.116107,0.068168,0.113527
ring,9,27,0.706412,0.601593,0.101802,0.051927,0.098642
ring,9,28,0.706412,0.605619,0.113375,0.031032,0.116283
ring,9,29,0.706412,0.596761,0.113831,0.037744,0.116649
ring,10,0,0.647719,0.142738,0.318575,0.115149,0.315315
ring,10,1,0.647719,0.240892,0.341307,0.188447,0.301694
ring,10,2,0.647719,0.348580,0.325720,0.259189,0.229354
ring,10,3,0.647719,0.268522,0.356660,0.330418,0.222048
ring,10,4,0.647719,0.330039,0.332907,0.322862,0.193025
ring,10,5,0.648683,0.344627,0.336840,0.342347,0.183680
ring,10,6,0.648683,0.464549,0.305039,0.240353,0.240222
ring,10,7,0.656861,0.418117,0.269073,0.216206,0.198216
ring,10,8,0.667527,0.456871,0.253974,0.186011,0.204474
ring,10,9,0.667527,0.470207,0.238409,0.169659,0.192922
ring,10,10,0.672685,0.556202,0.243343,0.174558,0.188984
ring,10,11,0.672685,0.600706,0.226098,0.127566,0.207542
ring,10,12,0.675880,0.530597,0.238012,0.122124,0.226507
ring,10,13,0.675880,0.525614,0.228937,0.152612,0.193794
ring,10,14,0.675880,0.582868,0.218381,0.139969,0.187372
ring,10,15,0.675880,0.549661,0.218368,0.170739,0.167066
ring,10,16,0.675880,0.614658,0.200163,0.124900,0.179171
ring,10,17,0.675880,0.558333,0.183623,0.066266,0.184140
ring,10,18,0.675880,0.491514,0.204955,0.096532,0.195007
ring,10,19,0.683862,0.602383,0.161398,0.089279,0.149713
ring,10,20,0.698576,0.578519,0.165675,0.095130,0.152267
ring,10,21,0.698576,0.593750,0.158271,0.079530,0.151186
ring,10,22,0.698576,0.601349,0.163710,0.055960,0.166088
ring,10,23,0.698576,0.596449,0.155445,0.046846,0.157659
ring,10,24,0.698576,0.581161,0.143958,0.064278,0.140539
ring,10,25,0.698576,0.602033,0.146164,0.088710,0.133726
ring,10,26,0.698576,0.647881,0.104897,0.048904,0.103786
ring,10,27,0.698576,0.609582,0.117713,0.050066,0.118076
ring,10,28,0.698576,0.624101,0.114902,0.042323,0.116947
ring,10,29,0.698576,0.607268,0.116131,0.056071,0.113884
star,1,0,0.635790,0.108905,0.333531,0.116987,0.335249
star,1,1,0.647876,0.232208,0.297852,0.095554,0.297819
star,1,2,0.647876,0.315764,0.296926,0.178410,0.257457
star,1,3,0.695931,0.380211,0.288141,0.184927,0.238300
star,1,4,0.695931,0.435637,0.265359,0.165523,0.223114
star,1,5,0.695931,0.477608,0.244755,0.201638,0.177575
star,1,6,0.695931,0.543320,0.239064,0.147939,0.209571
star,1,7,0.695931,0.535856,0.255550,0.173223,0.212447
star,1,8,0.695931,0.506158,0.239591,0.207652,0.162648
star,1,9,0.695931,0.553081,0.223525,0.180196,0.163322
star,1,10,0.700097,0.583356,0.211810,0.197483,0.139715
star,1,11,0.700097,0.580497,0.190252,0.139491,0.155929
star,1,12,0.700097,0.627115,0.173534,0.096317,0.160707
star,1,13,0.700097,0.608292,0.164179,0.100673,0.152596
star,1,14,0.704356,0.600182,0.145303,0.093303,0.129007
star,1,15,0.704356,0.632570,0.156355,0.110296,0.133737
star,1,16,0.704356,0.631509,0.143522,0.090394,0.131331
star,1,17,0.704356,0.604226,0.149654,0.090014,0.137369
star,1,18,0.704356,0.589177,0.153245,0.088502,0.141765
star,1,19,0.704356,0.637672,0.153665,0.081944,0.142993
star,1,20,0.704356,0.618488,0.141234,0.078383,0.133564
star,1,21,0.704356,0.587574,0.166353,0.121050,0.142351
star,1,22,0.704356,0.600689,0.136266,0.078871,0.122999
star,1,23,0.704356,0.577713,0.149807,0.076996,0.141875
star,1,24,0.704356,0.609235,0.135740,0.045090,0.137769
star,1,25,0.704356,0.617615,0.149984,0.056114,0.149004
star,1,26,0.704356,0.670079,0.105214,0.065652,0.094670
star,1,27,0.704356,0.634907,0.120551,0.064705,0.116837
star,1,28,0.704356,0.609529,0.110353,0.041217,0.111822
star,1,29,0.704356,0.585602,0.110465,0.039994,0.111506
star,2,0,0.645835,0.143986,0.338578,0.120249,0.335727
star,2,1,0.656251,0.317548,0.363401,0.259641,0.291955
star,2,2,0.656251,0.444959,0.318706,0.290829,0.202788
star,2,3,0.656251,0.485917,0.280347,0.271496,0.166158
star,2,4,0.658996,0.454913,0.271704,0.268362,0.160557
star,2,5,0.658996,0.449967,0.295961,0.318475,0.139944
star,2,6,0.668452,0.505094,0.299424,0.264231,0.208063
star,2,7,0.668452,0.453285,0.287314,0.231315,0.212749
star,2,8,0.671417,0.474323,0.294385,0.246680,0.213996
star,2,9,0.704321,0.416410,0.304130,0.276555,0.195650
star,2,10,0.704321,0.487134,0.336214,0.325132,0.199787
star,2,11,0.718158,0.547463,0.285720,0.206194,0.233200
star,2,12,0.718158,0.564528,0.259648,0.167176,0.226002
star,2,13,0.718158,0.504942,0.255043,0.191277,0.205913
star,2,14,0.718158,0.531933,0.225371,0.128972,0.208803
star,2,15,0.739574,0.544086,0.231714,0.155268,0.205762
star,2,16,0.739574,0.565153,0.163973,0.094700,0.152732
star,2,17,0.739574,0.565952,0.175328,0.095181,0.161813
star,2,18,0.739574,0.575597,0.159986,0.065407,0.157152
star,2,19,0.739574,0.585763,0.164060,0.099046,0.146628
star,2,20,0.739574,0.577745,0.163657,0.101195,0.147876
star,2,21,0.739574,0.635635,0.137643,0.078565,0.130582
star,2,22,0.739574,0.592607,0.134046,0.056232,0.130563
star,2,23,0.739574,0.607118,0.155144,0.075650,0.148337
star,2,24,0.739574,0.559695,0.180133,0.102930,0.168152
star,2,25,0.739574,0.578912,0.180545,0.100576,0.167964
star,2,26,0.739574,0.633758,0.153456,0.108216,0.136810
star,2,27,0.739574,0.568956,0.108007,0.044274,0.108781
star,2,28,0.774701,0.598238,0.112076,0.037070,0.115947
star,2,29,0.774701,0.584308,0.114691,0.039089,0.116745
star,3,0,0.601251,0.187237,0.314370,0.106148,0.315154
star,3,1,0.640017,0.278339,0.322907,0.185623,0.291185
star,3,2,0.640017,0.311147,0.356091,0.296273,0.255640
star,3,3,0.650198,0.362620,0.367635,0.339775,0.231191
star,3,4,0.650198,0.384524,0.345218,0.342796,0.188238
star,3,5,0.657299,0.400734,0.360557,0.368616,0.186948
star,3,6,0.657299,0.371983,0.370009,0.315877,0.259570
star,3,7,0.657299,0.394150,0.334941,0.244751,0.274054
star,3,8,0.657550,0.409930,0.270793,0.178924,0.238610
star,3,9,0.657550,0.456998,0.208275,0.103695,0.196637
star,3,10,0.685070,0.510478,0.228894,0.127976,0.211283
star,3,11,0.685070,0.546604,0.195591,0.092989,0.191578
star,3,12,0.685070,0.538358,0.221869,0.108837,0.211346
star,3,13,0.685070,0.574071,0.217407,0.099496,0.210366
star,3,14,0.685070,0.571632,0.198704,0.113226,0.182659
star,3,15,0.685070,0.572500,0.190097,0.099921,0.180173
star,3,16,0.685070,0.625696,0.157041,0.083805,0.151561
star,3,17,0.685070,0.525908,0.182558,0.104278,0.173497
star,3,18,0.701146,0.557257,0.147879,0.055735,0.149531
star,3,19,0.701146,0.578415,0.145948,0.074951,0.141365
star,3,20,0.701146,0.588232,0.131063,0.052806,0.131368
star,3,21,0.701146,0.613111,0.110719,0.047629,0.111134
star,3,22,0.701146,0.552221,0.124771,0.054878,0.121055
star,3,23,0.701146,0.581173,0.130860,0.074284,0.122365
star,3,24,0.701146,0.585654,0.126947,0.069346,0.118291
star,3,25,0.704014,0.563981,0.131101,0.076509,0.118415
star,3,26,0.704014,0.499336,0.152267,0.080612,0.146010
star,3,27,0.704014,0.517575,0.139094,0.088630,0.122971
star,3,28,0.704014,0.560834,0.161948,0.091839,0.148621
star,3,29,0.704014,0.522336,0.169920,0.081763,0.161526
star,4,0,0.385650,0.079271,0.326564,0.055140,0.342628
star,4,1,0.527736,0.192168,0.343069,0.237477,0.278033
star,4,2,0.541139,0.258488,0.314527,0.222153,0.240539
star,4,3,0.643732,0.347692,0.305298,0.235343,0.218531
star,4,4,0.664895,0.375521,0.352693,0.277119,0.253194
star,4,5,0.692376,0.403629,0.351607,0.362991,0.169300
star,4,6,0.692376,0.451485,0.336005,0.256617,0.249452
star,4,7,0.692376,0.501873,0.329560,0.227043,0.266445
star,4,8,0.692376,0.486881,0.312962,0.226750,0.233937
star,4,9,0.692376,0.439663,0.290481,0.265648,0.177278
star,4,10,0.709974,0.492643,0.303313,0.306545,0.157495
star,4,11,0.709974,0.517583,0.296324,0.247065,0.209591
star,4,12,0.709974,0.531480,0.305814,0.251969,0.223235
star,4,13,0.709974,0.504378,0.272404,0.187846,0.222835
star,4,14,0.709974,0.537680,0.233289,0.102046,0.227515
star,4,15,0.709974,0.562542,0.235464,0.131500,0.218513
star,4,16,0.709974,0.552535,0.236892,0.145680,0.218696
star,4,17,0.709974,0.607554,0.127517,0.056399,0.126684
star,4,18,0.709974,0.614238,0.109611,0.056943,0.106647
star,4,19,0.709974,0.625500,0.135375,0.067706,0.130822
star,4,20,0.709974,0.599290,0.126238,0.080905,0.114479
star,4,21,0.709974,0.626068,0.102976,0.043853,0.102683
star,4,22,0.709974,0.594758,0.126022,0.057342,0.122148
star,4,23,0.709974,0.576989,0.126004,0.061087,0.122471
star,4,24,0.709974,0.612062,0.114071,0.049613,0.113972
star,4,25,0.709974,0.596098,0.128377,0.051673,0.127590
star,4,26,0.709974,0.599594,0.098941,0.025410,0.103422
star,4,27,0.709974,0.614851,0.092590,0.029096,0.093543
star,4,28,0.709974,0.596559,0.114404,0.039977,0.116736
star,4,29,0.709974,0.596642,0.135122,0.052263,0.136313
star,5,0,0.633402,0.191211,0.327316,0.128509,0.321988
star,5,1,0.634441,0.254595,0.346507,0.247764,0.277026
star,5,2,0.661837,0.419728,0.279622,0.203219,0.212329
star,5,3,0.661837,0.380748,0.259820,0.242114,0.165940
star,5,4,0.668124,0.405958,0.264043,0.244584,0.164950
star,5,5,0.668382,0.425847,0.278856,0.277989,0.152615
star,5,6,0.672169,0.501987,0.261929,0.235786,0.183787
star,5,7,0.675472,0.517119,0.236018,0.202918,0.166179
star,5,8,0.675472,0.471114,0.234227,0.202022,0.163148
star,5,9,0.675472,0.468609,0.242880,0.198292,0.181905
star,5,10,0.675472,0.512481,0.239857,0.209195,0.165456
star,5,11,0.675472,0.504267,0.223198,0.175857,0.170882
star,5,12,0.680944,0.570114,0.170056,0.110475,0.150271
star,5,13,0.680944,0.439615,0.188126,0.107350,0.167356
star,5,14,0.680944,0.451104,0.166724,0.070413,0.159335
star,5,15,0.696216,0.465680,0.173506,0.120566,0.141970
star,5,16,0.696216,0.523580,0.182851,0.122674,0.153572
star,5,17,0.696216,0.521339,0.183312,0.109267,0.167486
star,5,18,0.696216,0.475793,0.182306,0.104453,0.165478
star,5,19,0.696216,0.578116,0.189581,0.118178,0.168287
star,5,20,0.696216,0.481299,0.187253,0.154064,0.141295
star,5,21,0.707440,0.546330,0.167032,0.117843,0.141824
star,5,22,0.707440,0.585349,0.147682,0.082581,0.140431
star,5,23,0.707440,0.482385,0.140565,0.095724,0.118813
star,5,24,0.707440,0.434412,0.134008,0.072132,0.127262
star,5,25,0.728745,0.544027,0.121376,0.070316,0.110445
star,5,26,0.728745,0.586027,0.117526,0.047310,0.116162
star,5,27,0.746302,0.411934,0.121210,0.041233,0.122034
star,5,28,0.746302,0.546279,0.136951,0.075315,0.127563
star,5,29,0.746302,0.470281,0.150272,0.100198,0.130376
star,6,0,0.647259,0.134065,0.332269,0.137249,0.325316
star,6,1,0.659971,0.274996,0.353426,0.236963,0.295076
star,6,2,0.659971,0.371994,0.360056,0.308815,0.255021
star,6,3,0.659971,0.394056,0.426512,0.438645,0.226230
star,6,4,0.688394,0.447674,0.379089,0.390929,0.198592
star,6,5,0.688394,0.448820,0.337880,0.350550,0.171899
star,6,6,0.688394,0.523414,0.318643,0.236539,0.245961
star,6,7,0.688485,0.497509,0.301383,0.212829,0.242500
star,6,8,0.688485,0.541327,0.267207,0.213480,0.198530
star,6,9,0.692287,0.535881,0.259508,0.176832,0.209744
star,6,10,0.695775,0.530135,0.221731,0.152888,0.180908
star,6,11,0.695775,0.598580,0.228030,0.179287,0.179016
star,6,12,0.709565,0.557895,0.209383,0.143561,0.180865
star,6,13,0.710890,0.549329,0.207575,0.144816,0.173161
star,6,14,0.710890,0.582068,0.164417,0.094967,0.150143
star,6,15,0.711672,0.575854,0.184735,0.103375,0.168091
star,6,16,0.711672,0.628525,0.137974,0.072396,0.133176
star,6,17,0.711672,0.611451,0.168236,0.092426,0.158303
star,6,18,0.711672,0.578655,0.203411,0.156239,0.161308
star,6,19,0.711672,0.580270,0.192910,0.128104,0.169959
star,6,20,0.711672,0.610592,0.216824,0.186039,0.155001
star,6,21,0.711923,0.616811,0.167398,0.122099,0.143487
star,6,22,0.711923,0.584748,0.193833,0.138809,0.169189
star,6,23,0.711923,0.583230,0.178733,0.114382,0.160739
star,6,24,0.711923,0.599114,0.165378,0.095753,0.156711
star,6,25,0.711923,0.552444,0.153889,0.074288,0.151430
star,6,26,0.711923,0.635410,0.126716,0.071813,0.120072
star,6,27,0.711923,0.599848,0.126614,0.076809,0.115878
star,6,28,0.711923,0.585900,0.143608,0.086038,0.129630
star,6,29,0.717491,0.606433,0.143425,0.096761,0.127838
star,7,0,0.536994,0.119534,0.321759,0.116110,0.323200
star,7,1,0.643941,0.250810,0.322762,0.203598,0.277780
star,7,2,0.643941,0.289306,0.298368,0.221755,0.232338
star,7,3,0.643941,0.356734,0.311342,0.260997,0.223720
star,7,4,0.654118,0.381912,0.283883,0.253930,0.189846
star,7,5,0.697461,0.459902,0.308255,0.288595,0.189077
star,7,6,0.697461,0.518961,0.318770,0.251868,0.236141
star,7,7,0.697461,0.464396,0.333723,0.223755,0.277861
star,7,8,0.697461,0.475998,0.329868,0.211769,0.279347
star,7,9,0.697461,0.470034,0.357299,0.325702,0.213050
star,7,10,0.700364,0.501381,0.358091,0.375810,0.163994
star,7,11,0.700364,0.502808,0.353848,0.323348,0.232330
star,7,12,0.700902,0.512448,0.319031,0.247186,0.248228
star,7,13,0.700902,0.510396,0.256983,0.171806,0.220553
star,7,14,0.700902,0.630298,0.146810,0.077417,0.139394
star,7,15,0.700902,0.606178,0.136226,0.061174,0.130470
star,7,16,0.700902,0.629114,0.114768,0.051637,0.114371
star,7,17,0.700902,0.642896,0.112886,0.038381,0.115416
star,7,18,0.700902,0.590571,0.132298,0.042751,0.135338
star,7,19,0.700902,0.607726,0.112920,0.053614,0.107372
star,7,20,0.700902,0.647943,0.112212,0.053978,0.109656
star,7,21,0.702112,0.627743,0.091199,0.041792,0.089959
star,7,22,0.702112,0.621248,0.126669,0.052606,0.126203
star,7,23,0.702112,0.595230,0.120038,0.065737,0.112583
star,7,24,0.702112,0.639662,0.116212,0.066518,0.111218
star,7,25,0.702112,0.618277,0.115431,0.060180,0.111208
star,7,26,0.702112,0.602620,0.100220,0.039850,0.101257
star,7,27,0.708578,0.606251,0.129716,0.061460,0.126590
star,7,28,0.708578,0.592100,0.134844,0.059177,0.133668
star,7,29,0.708578,0.568771,0.117203,0.041801,0.117943
star,8,0,0.621597,0.161062,0.309790,0.114803,0.308995
star,8,1,0.640663,0.290217,0.277830,0.175414,0.237313
star,8,2,0.658129,0.411965,0.224507,0.163942,0.183067
star,8,3,0.665368,0.432780,0.208563,0.142846,0.174735
star,8,4,0.665368,0.483424,0.225676,0.132070,0.196342
star,8,5,0.665368,0.515188,0.233097,0.182104,0.181027
star,8,6,0.665368,0.523022,0.226306,0.137642,0.201066
star,8,7,0.665368,0.525684,0.216488,0.123937,0.199884
star,8,8,0.669613,0.550315,0.236172,0.167635,0.204906
star,8,9,0.699008,0.532266,0.184086,0.097911,0.166656
star,8,10,0.699008,0.597464,0.188306,0.115655,0.163479
star,8,11,0.699008,0.621570,0.195992,0.139378,0.162250
star,8,12,0.699008,0.572571,0.190378,0.124172,0.162077
star,8,13,0.699008,0.565461,0.198441,0.134033,0.171207
star,8,14,0.699008,0.548096,0.203255,0.139242,0.176368
star,8,15,0.725588,0.569222,0.204717,0.134439,0.181677
star,8,16,0.725588,0.594010,0.167913,0.086227,0.163212
star,8,17,0.725588,0.601160,0.130542,0.060884,0.127400
star,8,18,0.730285,0.578403,0.148403,0.065626,0.146706
star,8,19,0.730285,0.561442,0.125147,0.051431,0.122995
star,8,20,0.730285,0.559308,0.138785,0.074195,0.130814
star,8,21,0.745449,0.619349,0.122417,0.067505,0.115693
star,8,22,0.745449,0.574258,0.118837,0.055359,0.113390
star,8,23,0.759479,0.587595,0.125863,0.067291,0.118688
star,8,24,0.759479,0.575824,0.140400,0.064407,0.137294
star,8,25,0.759479,0.563536,0.123582,0.066317,0.114101
star,8,26,0.759479,0.624357,0.124297,0.052716,0.122314
star,8,27,0.759479,0.598827,0.127269,0.058212,0.123616
star,8,28,0.764538,0.565719,0.142217,0.063230,0.140726
star,8,29,0.764538,0.552516,0.135377,0.075316,0.127206
star,9,0,0.487196,0.130717,0.318281,0.112461,0.317992
star,9,1,0.637617,0.249693,0.348776,0.240704,0.284144
star,9,2,0.667700,0.376621,0.328843,0.297933,0.205055
star,9,3,0.667700,0.343942,0.330321,0.324016,0.184682
star,9,4,0.667700,0.381206,0.315429,0.311142,0.178468
star,9,5,0.667700,0.408373,0.317671,0.296311,0.200446
star,9,6,0.691720,0.513165,0.311964,0.215104,0.264781
star,9,7,0.691720,0.426102,0.270983,0.190429,0.219344
star,9,8,0.691720,0.363278,0.239736,0.161282,0.205114
star,9,9,0.691720,0.475593,0.248273,0.190929,0.198696
star,9,10,0.691720,0.461239,0.269759,0.209397,0.211754
star,9,11,0.691720,0.501861,0.253558,0.178321,0.216370
star,9,12,0.691720,0.422510,0.242410,0.108305,0.237804
star,9,13,0.691720,0.438049,0.260302,0.169366,0.222754
star,9,14,0.691720,0.417120,0.256648,0.206953,0.188362
star,9,15,0.691720,0.474630,0.262648,0.244362,0.162310
star,9,16,0.698052,0.566373,0.261574,0.215913,0.183471
star,9,17,0.701100,0.515770,0.265936,0.142192,0.241507
star,9,18,0.701100,0.562410,0.229284,0.124472,0.214005
star,9,19,0.701100,0.586889,0.213188,0.142977,0.184615
star,9,20,0.701100,0.516489,0.258018,0.203924,0.205284
star,9,21,0.701100,0.567025,0.159663,0.103228,0.148877
star,9,22,0.701100,0.587623,0.163590,0.117055,0.141566
star,9,23,0.701100,0.614851,0.132207,0.074795,0.124941
star,9,24,0.701100,0.602774,0.126753,0.058747,0.122476
star,9,25,0.705287,0.605145,0.134874,0.080019,0.124908
star,9,26,0.705287,0.619473,0.111777,0.063103,0.106394
star,9,27,0.705287,0.616280,0.117539,0.058642,0.113040
star,9,28,0.705287,0.608095,0.128288,0.071881,0.118965
star,9,29,0.705287,0.581795,0.152238,0.071842,0.148023
star,10,0,0.647719,0.142738,0.318575,0.115149,0.315315
star,10,1,0.647719,0.240892,0.341307,0.188447,0.301694
star,10,2,0.647719,0.348580,0.325720,0.259189,0.229354
star,10,3,0.647719,0.268522,0.356660,0.330418,0.222048
star,10,4,0.647719,0.330039,0.332907,0.322862,0.193025
star,10,5,0.648683,0.344627,0.336840,0.342347,0.183680
star,10,6,0.648683,0.426899,0.320765,0.265761,0.238816
star,10,7,0.656861,0.462571,0.280073,0.233320,0.204222
star,10,8,0.667527,0.499594,0.217018,0.155283,0.180853
star,10,9,0.667527,0.470592,0.199739,0.102091,0.191831
star,10,10,0.672685,0.508044,0.248523,0.162386,0.219307
star,10,11,0.672685,0.535152,0.240505,0.164474,0.213711
star,10,12,0.687026,0.532108,0.204841,0.141084,0.177718
star,10,13,0.700199,0.587965,0.202388,0.144863,0.164303
star,10,14,0.761854,0.594942,0.209737,0.145440,0.175000
star,10,15,0.761854,0.501692,0.202963,0.105153,0.186965
star,10,16,0.761854,0.582869,0.153687,0.083193,0.143573
star,10,17,0.761854,0.606713,0.127178,0.051419,0.125587
star,10,18,0.761854,0.574842,0.148391,0.052977,0.150000
star,10,19,0.761854,0.581793,0.143488,0.051331,0.143485
star,10,20,0.761854,0.547383,0.153737,0.065972,0.149979
star,10,21,0.761854,0.614225,0.153216,0.061404,0.149026
star,10,22,0.761854,0.547979,0.131640,0.047733,0.133773
star,10,23,0.761854,0.584897,0.131530,0.055941,0.128958
star,10,24,0.761854,0.563620,0.150492,0.080756,0.143010
star,10,25,0.761854,0.584041,0.118009,0.060608,0.112897
star,10,26,0.761854,0.637178,0.095279,0.048759,0.092517
star,10,27,0.761854,0.588214,0.108236,0.038122,0.109842
star,10,28,0.761854,0.611986,0.128487,0.055734,0.127374
star,10,29,0.761854,0.614366,0.128253,0.051514,0.129469
fc,1,0,0.635790,0.108905,0.333531,0.116987,0.335249
fc,1,1,0.647876,0.232208,0.297852,0.095554,0.297819
fc,1,2,0.647876,0.315764,0.296926,0.178410,0.257457
fc,1,3,0.695931,0.380211,0.288141,0.184927,0.238300
fc,1,4,0.695931,0.435637,0.265359,0.165523,0.223114
fc,1,5,0.695931,0.477608,0.244755,0.201638,0.177575
fc,1,6,0.695931,0.596864,0.227193,0.123157,0.214388
fc,1,7,0.695931,0.532318,0.214932,0.087528,0.216668
fc,1,8,0.695931,0.552632,0.163941,0.040631,0.171469
fc,1,9,0.695931,0.556639,0.155878,0.064452,0.155084
fc,1,10,0.700097,0.600072,0.157283,0.071772,0.155256
fc,1,11,0.700097,0.658216,0.117485,0.045827,0.121537
fc,1,12,0.700097,0.615686,0.112173,0.038775,0.115014
fc,1,13,0.700097,0.609494,0.128438,0.059226,0.128690
fc,1,14,0.700097,0.592815,0.117226,0.053976,0.115638
fc,1,15,0.700097,0.640780,0.119158,0.062054,0.116023
fc,1,16,0.700097,0.656930,0.105450,0.054091,0.106567
fc,1,17,0.700427,0.632617,0.104250,0.028752,0.107666
fc,1,18,0.700427,0.609780,0.118520,0.041859,0.120216
fc,1,19,0.700427,0.612684,0.132693,0.053011,0.131425
fc,1,20,0.700427,0.620831,0.120313,0.059747,0.116344
fc,1,21,0.700427,0.648506,0.081650,0.034225,0.082995
fc,1,22,0.700427,0.631739,0.112221,0.046870,0.111362
fc,1,23,0.700427,0.596407,0.134191,0.059416,0.133197
fc,1,24,0.700427,0.627057,0.135119,0.073136,0.129166
fc,1,25,0.700427,0.626306,0.132642,0.049155,0.133349
fc,1,26,0.700654,0.669345,0.080642,0.026806,0.083967
fc,1,27,0.700654,0.624374,0.094378,0.032585,0.096507
fc,1,28,0.700654,0.620599,0.113344,0.036500,0.116709
fc,1,29,0.700654,0.583138,0.123394,0.052217,0.124025
fc,2,0,0.645835,0.143986,0.338578,0.120249,0.335727
fc,2,1,0.656251,0.317548,0.363401,0.259641,0.291955
fc,2,2,0.656251,0.444959,0.318706,0.290829,0.202788
fc,2,3,0.656251,0.485917,0.280347,0.271496,0.166158
fc,2,4,0.658996,0.454913,0.271704,0.268362,0.160557
fc,2,5,0.658996,0.449967,0.295961,0.318475,0.139944
fc,2,6,0.658996,0.554889,0.293969,0.153036,0.281722
fc,2,7,0.663284,0.478746,0.293007,0.113138,0.295631
fc,2,8,0.729472,0.489360,0.264379,0.108362,0.261248
fc,2,9,0.729472,0.511120,0.250343,0.156174,0.218865
fc,2,10,0.729472,0.557834,0.250495,0.155720,0.216259
fc,2,11,0.729472,0.638275,0.228499,0.086716,0.229487
fc,2,12,0.729472,0.552001,0.231834,0.088395,0.232974
fc,2,13,0.729472,0.570165,0.203319,0.064176,0.201192
fc,2,14,0.729472,0.500026,0.192831,0.081617,0.192650
fc,2,15,0.729472,0.510934,0.193391,0.070967,0.194226
fc,2,16,0.729472,0.653327,0.123570,0.078935,0.117754
fc,2,17,0.729472,0.595120,0.107603,0.040266,0.107496
fc,2,18,0.738841,0.592550,0.128566,0.063908,0.126294
fc,2,19,0.751420,0.586055,0.127642,0.066528,0.122655
fc,2,20,0.751420,0.518813,0.116031,0.041867,0.116590
fc,2,21,0.751420,0.630671,0.085628,0.039187,0.087799
fc,2,22,0.751420,0.569876,0.119789,0.046890,0.121704
fc,2,23,0.751420,0.567151,0.150796,0.063362,0.150360
fc,2,24,0.751420,0.540026,0.135969,0.056164,0.135651
fc,2,25,0.751420,0.604493,0.128848,0.043707,0.131099
fc,2,26,0.751420,0.675467,0.096803,0.046478,0.098444
fc,2,27,0.751420,0.576063,0.097522,0.026417,0.101127
fc,2,28,0.751420,0.602298,0.109889,0.038018,0.113070
fc,2,29,0.751420,0.585492,0.118708,0.041871,0.120234
fc,3,0,0.601251,0.187237,0.314370,0.106148,0.315154
fc,3,1,0.640017,0.278339,0.322907,0.185623,0.291185
fc,3,2,0.640017,0.311147,0.356091,0.296273,0.255640
fc,3,3,0.650198,0.362620,0.367635,0.339775,0.231191
fc,3,4,0.650198,0.384524,0.345218,0.342796,0.188238
fc,3,5,0.657299,0.400734,0.360557,0.368616,0.186948
fc,3,6,0.657299,0.462299,0.346281,0.191587,0.322967
fc,3,7,0.657299,0.423184,0.303274,0.146297,0.290776
fc,3,8,0.662565,0.409552,0.258251,0.093865,0.262625
fc,3,9,0.662565,0.500953,0.219546,0.089509,0.218094
fc,3,10,0.685070,0.505163,0.234716,0.095646,0.230998
fc,3,11,0.685070,0.548815,0.199240,0.087840,0.202522
fc,3,12,0.685070,0.501791,0.226920,0.078999,0.231409
fc,3,13,0.685070,0.533019,0.218360,0.074277,0.220309
fc,3,14,0.685070,0.541335,0.213296,0.085048,0.212759
fc,3,15,0.685070,0.570164,0.201905,0.072005,0.202910
fc,3,16,0.685070,0.615966,0.161614,0.051256,0.168310
fc,3,17,0.685070,0.543622,0.169908,0.095044,0.160527
fc,3,18,0.701146,0.531775,0.139994,0.072255,0.137516
fc,3,19,0.701146,0.561998,0.147659,0.087109,0.135817
fc,3,20,0.701146,0.569691,0.133449,0.057686,0.132046
fc,3,21,0.701146,0.639548,0.095127,0.039948,0.097696
fc,3,22,0.701146,0.557515,0.117403,0.040437,0.119577
fc,3,23,0.701146,0.566110,0.119109,0.053511,0.118268
fc,3,24,0.701146,0.579654,0.119466,0.048083,0.119842
fc,3,25,0.706686,0.550951,0.115206,0.039203,0.117016
fc,3,26,0.706686,0.589107,0.085602,0.051897,0.083201
fc,3,27,0.706686,0.542113,0.093815,0.031241,0.095549
fc,3,28,0.706686,0.546362,0.123690,0.047865,0.121893
fc,3,29,0.706686,0.553980,0.129680,0.065609,0.125808
fc,4,0,0.385650,0.079271,0.326564,0.055140,0.342628
fc,4,1,0.527736,0.192168,0.343069,0.237477,0.278033
fc,4,2,0.541139,0.258488,0.314527,0.222153,0.240539
fc,4,3,0.643732,0.347692,0.305298,0.235343,0.218531
fc,4,4,0.664895,0.375521,0.352693,0.277119,0.253194
fc,4,5,0.692376,0.403629,0.351607,0.362991,0.169300
fc,4,6,0.692376,0.511395,0.331544,0.175844,0.312663
fc,4,7,0.707549,0.465647,0.268371,0.089542,0.274723
fc,4,8,0.707549,0.438850,0.251111,0.105395,0.247600
fc,4,9,0.707549,0.553371,0.205445,0.134777,0.177803
fc,4,10,0.709974,0.583045,0.215325,0.166063,0.173725
fc,4,11,0.709974,0.631017,0.165225,0.096516,0.159677
fc,4,12,0.709974,0.626588,0.137730,0.058600,0.138316
fc,4,13,0.709974,0.626897,0.154696,0.055609,0.158712
fc,4,14,0.709974,0.584373,0.163366,0.069072,0.162005
fc,4,15,0.709974,0.577976,0.158382,0.050609,0.160752
fc,4,16,0.709974,0.643869,0.144463,0.058432,0.148776
fc,4,17,0.709974,0.615753,0.119907,0.033471,0.123771
fc,4,18,0.709974,0.607175,0.110529,0.058375,0.106531
fc,4,19,0.709974,0.615310,0.132164,0.065648,0.128602
fc,4,20,0.709974,0.599391,0.119677,0.071411,0.110707
fc,4,21,0.709974,0.652829,0.065260,0.027599,0.067307
fc,4,22,0.709974,0.616318,0.103280,0.036279,0.103242
fc,4,23,0.709974,0.604546,0.104745,0.045206,0.104924
fc,4,24,0.709974,0.620847,0.119482,0.052079,0.118274
fc,4,25,0.709974,0.594415,0.138816,0.070824,0.134239
fc,4,26,0.709974,0.633029,0.068840,0.028103,0.071307
fc,4,27,0.709974,0.609537,0.087214,0.035372,0.087232
fc,4,28,0.709974,0.587051,0.110668,0.037508,0.112364
fc,4,29,0.709974,0.603385,0.131505,0.055986,0.131303
fc,5,0,0.633402,0.191211,0.327316,0.128509,0.321988
fc,5,1,0.634441,0.254595,0.346507,0.247764,0.277026
fc,5,2,0.661837,0.419728,0.279622,0.203219,0.212329
fc,5,3,0.661837,0.380748,0.259820,0.242114,0.165940
fc,5,4,0.668124,0.405958,0.264043,0.244584,0.164950
fc,5,5,0.668382,0.425847,0.278856,0.277989,0.152615
fc,5,6,0.672169,0.547680,0.235232,0.148105,0.214127
fc,5,7,0.675472,0.500672,0.209102,0.112376,0.196714
fc,5,8,0.675472,0.495843,0.202032,0.117395,0.187116
fc,5,9,0.675472,0.470196,0.190029,0.098551,0.181535
fc,5,10,0.675472,0.491255,0.176698,0.079869,0.174061
fc,5,11,0.675472,0.597912,0.131563,0.052594,0.134618
fc,5,12,0.700086,0.552086,0.137266,0.071204,0.131984
fc,5,13,0.700086,0.514729,0.156524,0.093639,0.141715
fc,5,14,0.700086,0.501519,0.174464,0.129075,0.134907
fc,5,15,0.700086,0.439752,0.189568,0.139632,0.146201
fc,5,16,0.700086,0.567967,0.155189,0.082219,0.149474
fc,5,17,0.700086,0.548710,0.178549,0.078352,0.176513
fc,5,18,0.700086,0.572186,0.199195,0.085691,0.194399
fc,5,19,0.700086,0.564134,0.191206,0.076037,0.189956
fc,5,20,0.700086,0.574322,0.190585,0.066728,0.191366
fc,5,21,0.700086,0.631095,0.123301,0.044524,0.127033
fc,5,22,0.700086,0.566493,0.141189,0.060200,0.140399
fc,5,23,0.762151,0.590894,0.102243,0.073978,0.090197
fc,5,24,0.762151,0.518425,0.125865,0.057271,0.124116
fc,5,25,0.762151,0.566786,0.110399,0.053778,0.108391
fc,5,26,0.762151,0.640189,0.084731,0.039318,0.086072
fc,5,27,0.762151,0.547213,0.101546,0.025025,0.105278
fc,5,28,0.762151,0.567175,0.112666,0.047698,0.112441
fc,5,29,0.762151,0.548086,0.126547,0.048133,0.127102
fc,6,0,0.647259,0.134065,0.332269,0.137249,0.325316
fc,6,1,0.659971,0.274996,0.353426,0.236963,0.295076
fc,6,2,0.659971,0.371994,0.360056,0.308815,0.255021
fc,6,3,0.659971,0.394056,0.426512,0.438645,0.226230
fc,6,4,0.688394,0.447674,0.379089,0.390929,0.198592
fc,6,5,0.688394,0.448820,0.337880,0.350550,0.171899
fc,6,6,0.688394,0.546470,0.313754,0.174673,0.292558
fc,6,7,0.698036,0.498839,0.265885,0.139031,0.256412
fc,6,8,0.698036,0.539374,0.198871,0.069762,0.203164
fc,6,9,0.698036,0.599387,0.190669,0.096633,0.181288
fc,6,10,0.700348,0.566277,0.181893,0.090773,0.176693
fc,6,11,0.700348,0.651332,0.144449,0.062776,0.146741
fc,6,12,0.700348,0.595429,0.161749,0.066885,0.161847
fc,6,13,0.700348,0.583875,0.151030,0.058079,0.152212
fc,6,14,0.710615,0.565938,0.138097,0.025907,0.145368
fc,6,15,0.710615,0.610062,0.147955,0.063231,0.148644
fc,6,16,0.710615,0.646598,0.112921,0.041290,0.116979
fc,6,17,0.710615,0.596067,0.159999,0.060707,0.162173
fc,6,18,0.710615,0.578895,0.166250,0.082822,0.159188
fc,6,19,0.722847,0.607903,0.176759,0.092766,0.167575
fc,6,20,0.722847,0.605264,0.136939,0.083753,0.125000
fc,6,21,0.722847,0.630354,0.090965,0.040004,0.091676
fc,6,22,0.722847,0.604743,0.120622,0.051022,0.119616
fc,6,23,0.722847,0.570402,0.123173,0.069814,0.115575
fc,6,24,0.722847,0.551094,0.138343,0.065558,0.134009
fc,6,25,0.722847,0.558963,0.162101,0.080907,0.160561
fc,6,26,0.722847,0.641727,0.098356,0.055204,0.099381
fc,6,27,0.722847,0.544813,0.106570,0.058425,0.101192
fc,6,28,0.722847,0.560165,0.123028,0.037285,0.126963
fc,6,29,0.722847,0.537805,0.110266,0.046529,0.109453
fc,7,0,0.536994,0.119534,0.321759,0.116110,0.323200
fc,7,1,0.643941,0.250810,0.322762,0.203598,0.277780
fc,7,2,0.643941,0.289306,0.298368,0.221755,0.232338
fc,7,3,0.643941,0.356734,0.311342,0.260997,0.223720
fc,7,4,0.654118,0.381912,0.283883,0.253930,0.189846
fc,7,5,0.697461,0.459902,0.308255,0.288595,0.189077
fc,7,6,0.697461,0.547203,0.310893,0.149623,0.300456
fc,7,7,0.697461,0.494330,0.354065,0.130440,0.350369
fc,7,8,0.697461,0.511927,0.323403,0.115931,0.323926
fc,7,9,0.697461,0.522664,0.236499,0.098513,0.234330
fc,7,10,0.700364,0.593164,0.188803,0.116890,0.172221
fc,7,11,0.700364,0.620475,0.111104,0.041163,0.114374
fc,7,12,0.700902,0.637023,0.115529,0.044860,0.115873
fc,7,13,0.700902,0.605601,0.107663,0.057650,0.100728
fc,7,14,0.700902,0.608163,0.122689,0.041643,0.122527
fc,7,15,0.700902,0.581289,0.133548,0.048665,0.133684
fc,7,16,0.700902,0.663766,0.080660,0.033141,0.082247
fc,7,17,0.700902,0.644750,0.092207,0.029018,0.095571
fc,7,18,0.700902,0.594879,0.122918,0.052864,0.121558
fc,7,19,0.700902,0.599768,0.122130,0.059508,0.117772
fc,7,20,0.700902,0.641672,0.103107,0.032379,0.106250
fc,7,21,0.702112,0.674127,0.065610,0.035966,0.065740
fc,7,22,0.702112,0.625455,0.110057,0.041301,0.110922
fc,7,23,0.702112,0.601462,0.120953,0.063504,0.115416
fc,7,24,0.702112,0.637803,0.115406,0.058637,0.113125
fc,7,25,0.702112,0.612719,0.121289,0.051114,0.119210
fc,7,26,0.702112,0.625728,0.091474,0.027833,0.096298
fc,7,27,0.702112,0.621502,0.118247,0.058022,0.114969
fc,7,28,0.708980,0.610207,0.120327,0.050846,0.119289
fc,7,29,0.708980,0.597886,0.126916,0.068091,0.121193
fc,8,0,0.621597,0.161062,0.309790,0.114803,0.308995
fc,8,1,0.640663,0.290217,0.277830,0.175414,0.237313
fc,8,2,0.658129,0.411965,0.224507,0.163942,0.183067
fc,8,3,0.665368,0.432780,0.208563,0.142846,0.174735
fc,8,4,0.665368,0.483424,0.225676,0.132070,0.196342
fc,8,5,0.665368,0.515188,0.233097,0.182104,0.181027
fc,8,6,0.665368,0.549204,0.228500,0.096616,0.228018
fc,8,7,0.665368,0.531036,0.205582,0.073394,0.207138
fc,8,8,0.665368,0.593410,0.193550,0.106649,0.181439
fc,8,9,0.699008,0.511678,0.174812,0.084803,0.170925
fc,8,10,0.699008,0.594575,0.157613,0.085390,0.147824
fc,8,11,0.699008,0.625620,0.133826,0.036013,0.141353
fc,8,12,0.699008,0.580152,0.169961,0.050502,0.175204
fc,8,13,0.699008,0.583786,0.176002,0.075904,0.173066
fc,8,14,0.699008,0.591400,0.186396,0.047360,0.194113
fc,8,15,0.725588,0.595194,0.199797,0.089568,0.197725
fc,8,16,0.725588,0.644822,0.162216,0.066755,0.165284
fc,8,17,0.735223,0.584840,0.133064,0.056374,0.134308
fc,8,18,0.735223,0.594214,0.142064,0.038210,0.146232
fc,8,19,0.735223,0.580754,0.119309,0.036489,0.122853
fc,8,20,0.735223,0.569556,0.127763,0.043823,0.128966
fc,8,21,0.770782,0.652301,0.089010,0.024531,0.094190
fc,8,22,0.770782,0.583149,0.109243,0.031928,0.111718
fc,8,23,0.770782,0.603834,0.117203,0.057802,0.113900
fc,8,24,0.770782,0.569777,0.124092,0.051030,0.123578
fc,8,25,0.770782,0.545072,0.127603,0.061495,0.123657
fc,8,26,0.770782,0.672534,0.095345,0.035233,0.097865
fc,8,27,0.770782,0.589628,0.109614,0.032599,0.114077
fc,8,28,0.770782,0.563648,0.123089,0.059734,0.121040
fc,8,29,0.770782,0.566226,0.131756,0.055885,0.132345
fc,9,0,0.487196,0.130717,0.318281,0.112461,0.317992
fc,9,1,0.637617,0.249693,0.348776,0.240704,0.284144
fc,9,2,0.667700,0.376621,0.328843,0.297933,0.205055
fc,9,3,0.667700,0.343942,0.330321,0.324016,0.184682
fc,9,4,0.667700,0.381206,0.315429,0.311142,0.178468
fc,9,5,0.667700,0.408373,0.317671,0.296311,0.200446
fc,9,6,0.691720,0.570753,0.299281,0.187521,0.273802
fc,9,7,0.691720,0.366389,0.223548,0.113409,0.215122
fc,9,8,0.691720,0.372916,0.217299,0.116779,0.208980
fc,9,9,0.691720,0.445722,0.209158,0.124046,0.189346
fc,9,10,0.691720,0.415258,0.231543,0.133548,0.203288
fc,9,11,0.691720,0.559119,0.189310,0.054532,0.199013
fc,9,12,0.691720,0.481950,0.262534,0.097046,0.265074
fc,9,13,0.691720,0.458161,0.283275,0.091162,0.289646
fc,9,14,0.698176,0.496483,0.264696,0.099134,0.264895
fc,9,15,0.705556,0.535687,0.248490,0.118677,0.239640
fc,9,16,0.705556,0.623477,0.138760,0.088370,0.130891
fc,9,17,0.705556,0.608747,0.136164,0.040109,0.141174
fc,9,18,0.706412,0.621616,0.113067,0.046451,0.112462
fc,9,19,0.706412,0.608364,0.127343,0.041459,0.130038
fc,9,20,0.706412,0.534843,0.143681,0.053154,0.145628
fc,9,21,0.706412,0.637292,0.093283,0.029945,0.096604
fc,9,22,0.706412,0.608115,0.098473,0.032872,0.100576
fc,9,23,0.706412,0.612632,0.105460,0.032492,0.107471
fc,9,24,0.709466,0.593111,0.136368,0.053632,0.136108
fc,9,25,0.709466,0.557815,0.138736,0.071374,0.134166
fc,9,26,0.709466,0.625629,0.114086,0.061540,0.114607
fc,9,27,0.709466,0.568158,0.133162,0.064345,0.129565
fc,9,28,0.709466,0.611293,0.135923,0.033843,0.140691
fc,9,29,0.709466,0.562257,0.138792,0.045538,0.142651
fc,10,0,0.647719,0.142738,0.318575,0.115149,0.315315
fc,10,1,0.647719,0.240892,0.341307,0.188447,0.301694
fc,10,2,0.647719,0.348580,0.325720,0.259189,0.229354
fc,10,3,0.647719,0.268522,0.356660,0.330418,0.222048
fc,10,4,0.647719,0.330039,0.332907,0.322862,0.193025
fc,10,5,0.648683,0.344627,0.336840,0.342347,0.183680
fc,10,6,0.648683,0.508103,0.289504,0.177514,0.266989
fc,10,7,0.656861,0.481788,0.248237,0.182747,0.199941
fc,10,8,0.667527,0.560316,0.185670,0.117811,0.164488
fc,10,9,0.667527,0.496346,0.184932,0.136877,0.145469
fc,10,10,0.667613,0.508815,0.240355,0.193014,0.186030
fc,10,11,0.695347,0.616542,0.195067,0.079466,0.196003
fc,10,12,0.695347,0.435606,0.212959,0.074450,0.214562
fc,10,13,0.763672,0.504899,0.205987,0.071093,0.209809
fc,10,14,0.763672,0.530323,0.165703,0.089896,0.152013
fc,10,15,0.763672,0.515314,0.167612,0.078713,0.156027
fc,10,16,0.763672,0.615296,0.130995,0.033829,0.136905
fc,10,17,0.763672,0.564177,0.133323,0.041662,0.137774
fc,10,18,0.763672,0.568765,0.162697,0.052652,0.166971
fc,10,19,0.763672,0.581905,0.140646,0.056230,0.141301
fc,10,20,0.772757,0.538941,0.144076,0.034897,0.149372
fc,10,21,0.772757,0.700950,0.106437,0.041532,0.108987
fc,10,22,0.772757,0.487592,0.142742,0.049216,0.144802
fc,10,23,0.772757,0.580495,0.160593,0.052479,0.163430
fc,10,24,0.772757,0.504738,0.159567,0.033851,0.167660
fc,10,25,0.772757,0.552918,0.155031,0.073135,0.152639
fc,10,26,0.772757,0.664683,0.105547,0.030598,0.110833
fc,10,27,0.772757,0.573005,0.108336,0.045961,0.108482
fc,10,28,0.772757,0.599978,0.113976,0.037682,0.116732
fc,10,29,0.772757,0.591999,0.112589,0.054016,0.111285
